[{"model":"app1.predmet","pk":1, "fields":{"name": "Linearna algebra", "kod":"SIT001", "program":"Program nije unesen", "ects":5, "sem_red":1, "sem_izv":1, "izborni":"ne"}},
{"model":"app1.predmet","pk":2, "fields":{"name": "Fizika", "kod":"SIT002", "program":"Program nije unesen", "ects":6, "sem_red":1, "sem_izv":3, "izborni":"ne"}},
{"model":"app1.predmet","pk":3, "fields":{"name": "Osnove elektrotehnike", "kod":"SIT003", "program":"Program nije unesen", "ects":6, "sem_red":1, "sem_izv":1, "izborni":"ne"}},
{"model":"app1.predmet","pk":4, "fields":{"name": "Digitalna i mikroprocesorska tehnika", "kod":"SIT004", "program":"Program nije unesen", "ects":7, "sem_red":1, "sem_izv":2, "izborni":"ne"}},
{"model":"app1.predmet","pk":5, "fields":{"name": "Uporaba računala", "kod":"SIT005", "program":"Program nije unesen", "ects":4, "sem_red":1, "sem_izv":1, "izborni":"ne"}},
{"model":"app1.predmet","pk":6, "fields":{"name": "Engleski jezik 1", "kod":"SIT006", "program":"Program nije unesen", "ects":2, "sem_red":1, "sem_izv":1, "izborni":"ne"}},
{"model":"app1.predmet","pk":7, "fields":{"name": "Analiza 1", "kod":"SIT007", "program":"Program nije unesen", "ects":7, "sem_red":2, "sem_izv":2, "izborni":"ne"}},
{"model":"app1.predmet","pk":8, "fields":{"name": "Osnove elektronike", "kod":"SIT008", "program":"Program nije unesen", "ects":6, "sem_red":2, "sem_izv":2, "izborni":"ne"}},
{"model":"app1.predmet","pk":9, "fields":{"name": "Arhitektura i organizacija digitalnih računala", "kod":"SIT009", "program":"Program nije unesen", "ects":7, "sem_red":2, "sem_izv":3, "izborni":"ne"}},
{"model":"app1.predmet","pk":10,"fields":{"name" : "Uvod u programiranje", "kod":"SIT010", "program":"Program nije unesen", "ects":8, "sem_red":2, "sem_izv":3, "izborni":"ne"}},
{"model":"app1.predmet","pk":11,"fields":{"name" : "Engleski jezik 2", "kod":"SIT011", "program":"Program nije unesen", "ects":2, "sem_red":2, "sem_izv":2, "izborni":"ne"}},
{"model":"app1.predmet","pk":12,"fields":{"name" : "Primijenjena i numerička matematika", "kod":"SIT012", "program":"Program nije unesen", "ects":6, "sem_red":3, "sem_izv":4, "izborni":"ne"}},
{"model":"app1.predmet","pk":13,"fields":{"name" : "Programske metode i apstrakcije", "kod":"SIT013", "program":"Program nije unesen", "ects":8, "sem_red":3, "sem_izv":4, "izborni":"ne"}},
{"model":"app1.predmet","pk":14,"fields":{"name" : "Baze podataka", "kod":"SIT014", "program":"Program nije unesen", "ects":6, "sem_red":3, "sem_izv":5, "izborni":"ne"}},
{"model":"app1.predmet","pk":15,"fields":{"name" : "Informacijski sustavi", "kod":"SIT015", "program":"Program nije unesen", "ects":6, "sem_red":3, "sem_izv":4, "izborni":"ne"}},
{"model":"app1.predmet","pk":16,"fields":{"name" : "Tehnički Engleski jezik", "kod":"SIT016", "program":"Program nije unesen", "ects":4, "sem_red":3, "sem_izv":5, "izborni":"ne"}},
{"model":"app1.predmet","pk":17,"fields":{"name" : "Računalne mreže", "kod":"SIT017", "program":"Program nije unesen", "ects":5, "sem_red":4, "sem_izv":5, "izborni":"ne"}},
{"model":"app1.predmet","pk":18,"fields":{"name" : "Operacijski sustavi", "kod":"SIT018", "program":"Program nije unesen", "ects":5, "sem_red":4, "sem_izv":5, "izborni":"ne"}},
{"model":"app1.predmet","pk":19,"fields":{"name" : "Strukture podataka i algoritmi", "kod":"SIT019", "program":"Program nije unesen", "ects":5, "sem_red":4, "sem_izv":6, "izborni":"da"}},
{"model":"app1.predmet","pk":20,"fields":{"name" : "Objektno programiranje", "kod":"SIT020", "program":"Program nije unesen", "ects":5, "sem_red":4, "sem_izv":6, "izborni":"da"}},
{"model":"app1.predmet","pk":21,"fields":{"name" : "Baze podataka 2", "kod":"SIT021", "program":"Program nije unesen", "ects":5, "sem_red":4, "sem_izv":6, "izborni":"da"}},
{"model":"app1.predmet","pk":22,"fields":{"name": "Mrežne usluge i programiranje", "kod":"SIT022", "program":"Program nije unesen", "ects":5, "sem_red":4, "sem_izv":6, "izborni":"da"}},
{"model":"app1.predmet","pk":23,"fields":{"name" : "Arhitektura osobnih računala", "kod":"SIT023", "program":"Program nije unesen", "ects":5, "sem_red":4, "sem_izv":6, "izborni":"da"}},
{"model":"app1.predmet","pk":24,"fields":{"name" : "Projektiranje i upravljanje računalnim mrežama", "kod":"SIT024", "program":"Program nije unesen", "ects":5, "sem_red":4, "sem_izv":6, "izborni":"da"}},
{"model":"app1.predmet","pk":25,"fields":{"name" : "Projektiranje informacijskih sustava", "kod":"SIT025", "program":"Program nije unesen", "ects":5, "sem_red":4, "sem_izv":6, "izborni":"da"}},
{"model":"app1.predmet","pk":26,"fields":{"name" : "Informatizacija poslovanja", "kod":"SIT026", "program":"Program nije unesen", "ects":5, "sem_red":4, "sem_izv":6, "izborni":"da"}},
{"model":"app1.predmet","pk":27,"fields":{"name" : "Ekonomika i organizacija poduzeća", "kod":"SIT027", "program":"Program nije unesen", "ects":2, "sem_red":5, "sem_izv":7, "izborni":"ne"}},
{"model":"app1.predmet","pk":28,"fields":{"name" : "Analiza 2", "kod":"SIT028", "program":"Program nije unesen", "ects":6, "sem_red":5, "sem_izv":7, "izborni":"ne"}},
{"model":"app1.predmet","pk":29,"fields":{"name" : "Industrijska praksa", "kod":"SIT029", "program":"Program nije unesen", "ects":2, "sem_red":5, "sem_izv":7, "izborni":"ne"}},
{"model":"app1.predmet","pk":30,"fields":{"name" : "Arhitektura poslužiteljskih računala", "kod":"SIT030", "program":"Program nije unesen", "ects":5, "sem_red":5, "sem_izv":7, "izborni":"da"}},
{"model":"app1.predmet","pk":31,"fields":{"name" : "Sigurnost računala i podataka", "kod":"SIT031", "program":"Program nije unesen", "ects":5, "sem_red":5, "sem_izv":7, "izborni":"da"}},
{"model":"app1.predmet","pk":32,"fields":{"name" : "Programski alati na UNIX računalima", "kod":"SIT032", "program":"Program nije unesen", "ects":5, "sem_red":5, "sem_izv":7, "izborni":"da"}},
{"model":"app1.predmet","pk":33,"fields":{"name" : "Napredno Windows programiranje", "kod":"SIT033", "program":"Program nije unesen", "ects":5, "sem_red":5, "sem_izv":7, "izborni":"da"}},
{"model":"app1.predmet","pk":34,"fields":{"name" : "Objektno orijentirano modeliranje", "kod":"SIT034", "program":"Program nije unesen", "ects":5, "sem_red":5, "sem_izv":7, "izborni":"da"}},
{"model":"app1.predmet","pk":35,"fields":{"name" : "Programiranje u Javi", "kod":"SIT035", "program":"Program nije unesen", "ects":5, "sem_red":5, "sem_izv":7, "izborni":"da"}},
{"model":"app1.predmet","pk":36,"fields":{"name" : "Programiranje na Internetu", "kod":"SIT036", "program":"Program nije unesen", "ects":5, "sem_red":5, "sem_izv":7, "izborni":"da"}},
{"model":"app1.predmet","pk":37,"fields":{"name" : "Elektroničko poslovanje", "kod":"SIT037", "program":"Program nije unesen", "ects":5, "sem_red":5, "sem_izv":7, "izborni":"da"}},
{"model":"app1.predmet","pk":38,"fields":{"name" : "Diskretna matematika", "kod":"SIT038", "program":"Program nije unesen", "ects":6, "sem_red":6, "sem_izv":8, "izborni":"ne"}},
{"model":"app1.predmet","pk":39,"fields":{"name" : "Upravljanje poslužiteljskim računalima", "kod":"SIT039", "program":"Program nije unesen", "ects":5, "sem_red":6, "sem_izv":8, "izborni":"da"}},
{"model":"app1.predmet","pk":40,"fields":{"name" : "Programiranje u C#", "kod":"SIT040", "program":"Program nije unesen", "ects":5, "sem_red":6, "sem_izv":8, "izborni":"da"}},
{"model":"app1.predmet","pk":41,"fields":{"name" : "Društveni informacijski sustavi", "kod":"SIT041", "program":"Program nije unesen", "ects":5, "sem_red":6, "sem_izv":8, "izborni":"da"}},
{"model":"app1.predmet","pk":42,"fields":{"name" : "Oblikovanje Web stranica", "kod":"SIT042", "program":"Program nije unesen", "ects":5, "sem_red":6, "sem_izv":8, "izborni":"da"}},
{"model":"app1.predmet","pk":43,"fields":{"name" : "Vođenje projekata i dokumentacija", "kod":"SIT043", "program":"Program nije unesen", "ects":5, "sem_red":6, "sem_izv":8, "izborni":"da"}},
{"model":"app1.predmet","pk":44,"fields":{"name" : "Informatizacija proizvodnje", "kod":"SIT044", "program":"Program nije unesen", "ects":5, "sem_red":6, "sem_izv":8, "izborni":"da"}},
{"model":"app1.predmet","pk":45,"fields":{"name" : "Analiza i obrada podataka", "kod":"SIT045", "program":"Program nije unesen", "ects":5, "sem_red":6, "sem_izv":8, "izborni":"da"}},
{"model":"app1.predmet","pk":46,"fields":{"name" : "Njemački jezik", "kod":"SSZP40", "program":"Program nije unesen", "ects":4, "sem_red":6, "sem_izv":8, "izborni":"da"}},
{"model":"app1.predmet","pk":47,"fields":{"name" : "Talijanski jezik", "kod":"SSZP50", "program":"Program nije unesen", "ects":4, "sem_red":6, "sem_izv":8, "izborni":"da"}},
{"model":"app1.predmet","pk":48,"fields":{"name" : "Završni rad", "kod":"SIT046", "program":"Program nije unesen", "ects":8, "sem_red":6, "sem_izv":8, "izborni":"ne"}}
]